{
  "project_info": {
    "project_number": "581544879147",
    "project_id": "tech-a-thon-2ba54",
    "storage_bucket": "tech-a-thon-2ba54.appspot.com"
  },
  "client": [
    {
      "client_info": {
        "mobilesdk_app_id": "1:581544879147:android:cc737161cc18fccfa2b66e",
        "android_client_info": {
          "package_name": "com.example.techathon"
        }
      },
      "oauth_client": [],
      "api_key": [
        {
          "current_key": "AIzaSyCVqzHsM_iIyq7TngMijAGfHAwx5h4_N60"
        }
      ],
      "services": {
        "appinvite_service": {
          "other_platform_oauth_client": []
        }
      }
    }
  ],
  "configuration_version": "1"
}